request_id,amount_safe_to_pay,affordability_status,recommended_payment_method,payment_plan,earliest_date_for_full_payment,spending_changes_needed,decision_explanation
request_26,15656000,affordable_now,full_payment,2025-08-03:15656000,2025-08-03,none,"Requested 15656000 IDR; up to 15656000 IDR is safe to pay on 2025-08-03 while keeping the 24768300 IDR minimum balance. The full amount is safe today, so full payment on 2025-08-03 is recommended."
request_27,6670,affordable_now,full_payment,2026-07-05:6670,2026-07-05,none,"Requested 6670 ZAR; up to 6670 ZAR is safe to pay on 2026-07-05 while keeping the 20500 ZAR minimum balance. The full amount is safe today, so full payment on 2026-07-05 is recommended."
request_28,291.355,affordable_later,wait,2024-08-13:1302.4,2024-08-13,none,"Requested 1302.4 EUR; up to 291.355 EUR is safe to pay on 2024-06-07 while keeping the 1100 EUR minimum balance. Full payment is not safe today; it is projected to become safe on 2024-08-13, so waiting is recommended."
request_29,51524,affordable_now,full_payment,2025-11-04:51524,2025-11-04,none,"Requested 51524 ZAR; up to 51524 ZAR is safe to pay on 2025-11-04 while keeping the 28300 ZAR minimum balance. The full amount is safe today, so full payment on 2025-11-04 is recommended."
request_30,775.2,affordable_with_plan,installments,2026-04-06:268.74|2026-05-06:268.74|2026-06-05:268.74,2026-04-06,none,"Requested 775.2 USD; up to 775.2 USD is safe to pay on 2026-04-06 while keeping the 900 USD minimum balance. Full payment today is not safe, so the supplied installment option payment_option_83 is recommended: 3 payment(s) of 268.74 USD starting 2026-04-06."
request_31,2732930.06,affordable_later,wait,2024-10-16:18164000,2024-10-16,none,"Requested 18164000 IDR; up to 2732930.06 IDR is safe to pay on 2024-09-03 while keeping the 16588900 IDR minimum balance. Full payment is not safe today; it is projected to become safe on 2024-10-16, so waiting is recommended."
request_32,13372.45,not_affordable,not_recommended,none,,none,"Requested 40018 ZAR; up to 13372.45 ZAR is safe to pay on 2025-02-05 while keeping the 35700 ZAR minimum balance. No payment method the user accepts can safely complete this request within the 90-day forecast, even with the maximum permitted spending changes, so no payment is recommended. This recommendation reflects 1 evidence update(s) from statements, messages, or images that changed the outcome."
request_33,34513.45,affordable_later,wait,2026-02-15:118000,2026-02-15,none,"Requested 118000 INR; up to 34513.45 INR is safe to pay on 2026-01-07 while keeping the 102100 INR minimum balance. Full payment is not safe today; it is projected to become safe on 2026-02-15, so waiting is recommended."
request_34,129400,affordable_now,full_payment,2024-12-04:129400,2024-12-04,none,"Requested 129400 INR; up to 129400 INR is safe to pay on 2024-12-04 while keeping the 138500 INR minimum balance. The full amount is safe today, so full payment on 2024-12-04 is recommended."
request_35,22877.65,not_affordable,not_recommended,none,2026-01-16,none,"Requested 212000 INR; up to 22877.65 INR is safe to pay on 2025-10-30 while keeping the 106400 INR minimum balance. No payment method the user accepts can safely complete this request within the 90-day forecast, even with the maximum permitted spending changes, so no payment is recommended."
request_36,732.59,affordable_later,wait,2026-08-14:3954,2026-08-14,none,"Requested 3954 USD; up to 732.59 USD is safe to pay on 2026-07-03 while keeping the 2400 USD minimum balance. Full payment is not safe today; it is projected to become safe on 2026-08-14, so waiting is recommended. This recommendation reflects 1 evidence update(s) from statements, messages, or images that changed the outcome."
request_37,3996485.340,not_affordable,not_recommended,none,,none,"Requested 14649000 IDR; up to 3996485.340 IDR is safe to pay on 2024-03-05 while keeping the 17056200 IDR minimum balance. No payment method the user accepts can safely complete this request within the 90-day forecast, even with the maximum permitted spending changes, so no payment is recommended."
request_38,204.36,affordable_later,wait,2025-09-15:971.3,2025-09-15,none,"Requested 971.3 EUR; up to 204.36 EUR is safe to pay on 2025-08-07 while keeping the 400 EUR minimum balance. Full payment is not safe today; it is projected to become safe on 2025-09-15, so waiting is recommended."
request_39,152651.555,affordable_later,wait,2026-04-15:208600,2026-04-15,none,"Requested 208600 INR; up to 152651.555 INR is safe to pay on 2026-04-04 while keeping the 213400 INR minimum balance. Full payment is not safe today; it is projected to become safe on 2026-04-15, so waiting is recommended."
request_40,357.17,not_affordable,not_recommended,none,,none,"Requested 1290.3 EUR; up to 357.17 EUR is safe to pay on 2024-06-06 while keeping the 1500 EUR minimum balance. No payment method the user accepts can safely complete this request within the 90-day forecast, even with the maximum permitted spending changes, so no payment is recommended. This recommendation reflects 1 evidence update(s) from statements, messages, or images that changed the outcome."
request_41,11597655.07,affordable_later,wait,2025-12-16:38760000,2025-12-16,none,"Requested 38760000 IDR; up to 11597655.07 IDR is safe to pay on 2025-11-03 while keeping the 25366600 IDR minimum balance. Full payment is not safe today; it is projected to become safe on 2025-12-16, so waiting is recommended."
request_42,52100,affordable_now,full_payment,2026-01-05:52100,2026-01-05,none,"Requested 52100 INR; up to 52100 INR is safe to pay on 2026-01-05 while keeping the 113100 INR minimum balance. The full amount is safe today, so full payment on 2026-01-05 is recommended. This recommendation reflects 1 evidence update(s) from statements, messages, or images that changed the outcome."
request_43,8342128.42,not_affordable,not_recommended,none,2024-11-16,none,"Requested 43339000 IDR; up to 8342128.42 IDR is safe to pay on 2024-09-07 while keeping the 21398000 IDR minimum balance. No payment method the user accepts can safely complete this request within the 90-day forecast, even with the maximum permitted spending changes, so no payment is recommended."
request_44,38633.735,not_affordable,not_recommended,none,2025-04-16,none,"Requested 95800 INR; up to 38633.735 INR is safe to pay on 2025-02-04 while keeping the 82900 INR minimum balance. No payment method the user accepts can safely complete this request within the 90-day forecast, even with the maximum permitted spending changes, so no payment is recommended. This recommendation reflects 1 evidence update(s) from statements, messages, or images that changed the outcome."
request_45,4014849.93,affordable_later,wait,2026-08-14:21983000,2026-08-14,none,"Requested 21983000 IDR; up to 4014849.93 IDR is safe to pay on 2026-07-06 while keeping the 11149800 IDR minimum balance. Full payment is not safe today; it is projected to become safe on 2026-08-14, so waiting is recommended. This recommendation reflects 1 evidence update(s) from statements, messages, or images that changed the outcome."
request_46,35126.665,affordable_with_plan,partial_payment,2024-12-03:35126.665|2024-12-15:14323.335,2024-12-15,none,"Requested 49450 INR; up to 35126.665 INR is safe to pay on 2024-12-03 while keeping the 84000 INR minimum balance. Full payment today is not safe, so a partial-payment plan is recommended: 35126.665 INR on 2024-12-03, then 14323.335 INR on 2024-12-15."
request_47,38114000,affordable_now,full_payment,2025-05-05:38114000,2025-05-05,none,"Requested 38114000 IDR; up to 38114000 IDR is safe to pay on 2025-05-05 while keeping the 30049000 IDR minimum balance. The full amount is safe today, so full payment on 2025-05-05 is recommended."
request_48,45700,affordable_now,full_payment,2026-07-25:45700,2026-07-25,none,"Requested 45700 INR; up to 45700 INR is safe to pay on 2026-07-25 while keeping the 71300 INR minimum balance. The full amount is safe today, so full payment on 2026-07-25 is recommended."
request_49,11252780.935,not_affordable,not_recommended,none,2024-05-18,none,"Requested 34333000 IDR; up to 11252780.935 IDR is safe to pay on 2024-03-04 while keeping the 20275700 IDR minimum balance. No payment method the user accepts can safely complete this request within the 90-day forecast, even with the maximum permitted spending changes, so no payment is recommended. This recommendation reflects 1 evidence update(s) from statements, messages, or images that changed the outcome."
request_50,43537.90,affordable_with_plan,full_payment,2025-08-06:43900,2025-09-04,reduce_to:event_4680:1928,"Requested 43900 INR; up to 43537.90 INR is safe to pay on 2025-08-06 while keeping the 99700 INR minimum balance. Full payment on 2025-08-06 becomes safe once this spending change is applied: reduce_to:event_4680:1928. This recommendation reflects 1 evidence update(s) from statements, messages, or images that changed the outcome."
request_51,2191000,affordable_now,full_payment,2026-01-03:2191000,2026-01-03,none,"Requested 2191000 IDR; up to 2191000 IDR is safe to pay on 2026-01-03 while keeping the 7811000 IDR minimum balance. The full amount is safe today, so full payment on 2026-01-03 is recommended."
request_52,23855.29,affordable_later,wait,2024-06-14:28870,2024-06-14,none,"Requested 28870 INR; up to 23855.29 INR is safe to pay on 2024-06-05 while keeping the 41500 INR minimum balance. Full payment is not safe today; it is projected to become safe on 2024-06-14, so waiting is recommended."
request_53,465.18,not_affordable,not_recommended,none,2026-01-16,none,"Requested 1699.2 USD; up to 465.18 USD is safe to pay on 2025-11-07 while keeping the 2100 USD minimum balance. No payment method the user accepts can safely complete this request within the 90-day forecast, even with the maximum permitted spending changes, so no payment is recommended."
request_54,3643.51,not_affordable,not_recommended,none,,none,"Requested 121528 ZAR; up to 3643.51 ZAR is safe to pay on 2026-07-04 while keeping the 37000 ZAR minimum balance. No payment method the user accepts can safely complete this request within the 90-day forecast, even with the maximum permitted spending changes, so no payment is recommended."
request_55,128967.11,not_affordable,not_recommended,none,2026-07-14,none,"Requested 218600 INR; up to 128967.11 INR is safe to pay on 2026-06-08 while keeping the 124300 INR minimum balance. No payment method the user accepts can safely complete this request within the 90-day forecast, even with the maximum permitted spending changes, so no payment is recommended."
request_56,734.51,affordable_with_plan,partial_payment,2025-02-03:734.51|2025-02-15:147.05,2025-02-15,none,"Requested 881.56 USD; up to 734.51 USD is safe to pay on 2025-02-03 while keeping the 2100 USD minimum balance. Full payment today is not safe, so a partial-payment plan is recommended: 734.51 USD on 2025-02-03, then 147.05 USD on 2025-02-15."
request_57,15164.33,affordable_later,wait,2026-05-14:61446,2026-05-14,none,"Requested 61446 ZAR; up to 15164.33 ZAR is safe to pay on 2026-04-05 while keeping the 42700 ZAR minimum balance. Full payment is not safe today; it is projected to become safe on 2026-05-14, so waiting is recommended."
request_58,16226000,affordable_now,full_payment,2024-12-07:16226000,2024-12-07,none,"Requested 16226000 IDR; up to 16226000 IDR is safe to pay on 2024-12-07 while keeping the 14433900 IDR minimum balance. The full amount is safe today, so full payment on 2024-12-07 is recommended. This recommendation reflects 1 evidence update(s) from statements, messages, or images that changed the outcome."
request_59,140600,affordable_with_plan,installments,2025-05-07:48741.33|2025-06-04:48741.33|2025-07-02:48741.33,2025-05-04,none,"Requested 140600 INR; up to 140600 INR is safe to pay on 2025-05-04 while keeping the 132600 INR minimum balance. Full payment today is not safe, so the supplied installment option payment_option_163 is recommended: 3 payment(s) of 48741.33 INR starting 2025-05-07."
request_60,184.46,affordable_later,wait,2026-01-15:199.89,2026-01-15,none,"Requested 199.89 USD; up to 184.46 USD is safe to pay on 2026-01-06 while keeping the 400 USD minimum balance. Full payment is not safe today; it is projected to become safe on 2026-01-15, so waiting is recommended."
request_61,29062,affordable_with_plan,installments,2024-03-17:10074.83|2024-04-17:10074.83|2024-05-18:10074.83,2024-03-03,none,"Requested 29062 ZAR; up to 29062 ZAR is safe to pay on 2024-03-03 while keeping the 36700 ZAR minimum balance. Full payment today is not safe, so the supplied installment option payment_option_169 is recommended: 3 payment(s) of 10074.83 ZAR starting 2024-03-17."
request_62,404.23,affordable_now,full_payment,2025-08-05:404.23,2025-08-05,none,"Requested 404.23 USD; up to 404.23 USD is safe to pay on 2025-08-05 while keeping the 1300 USD minimum balance. The full amount is safe today, so full payment on 2025-08-05 is recommended."
request_63,52157.50,not_affordable,not_recommended,none,,none,"Requested 343900 INR; up to 52157.50 INR is safe to pay on 2026-07-07 while keeping the 153500 INR minimum balance. No payment method the user accepts can safely complete this request within the 90-day forecast, even with the maximum permitted spending changes, so no payment is recommended."
request_64,0,not_affordable,not_recommended,none,,none,"Requested 63700 INR; up to 0 INR is safe to pay on 2024-06-04 while keeping the 36100 INR minimum balance. No payment method the user accepts can safely complete this request within the 90-day forecast, even with the maximum permitted spending changes, so no payment is recommended. This recommendation reflects 2 evidence update(s) from statements, messages, or images that changed the outcome."
request_65,6706.62,not_affordable,not_recommended,none,,none,"Requested 54340 ZAR; up to 6706.62 ZAR is safe to pay on 2025-11-06 while keeping the 15500 ZAR minimum balance. No payment method the user accepts can safely complete this request within the 90-day forecast, even with the maximum permitted spending changes, so no payment is recommended."
request_66,22200,affordable_now,full_payment,2026-04-03:22200,2026-04-03,none,"Requested 22200 INR; up to 22200 INR is safe to pay on 2026-04-03 while keeping the 80700 INR minimum balance. The full amount is safe today, so full payment on 2026-04-03 is recommended."
request_67,302.26,affordable_later,wait,2024-10-16:2094,2024-10-16,none,"Requested 2094 USD; up to 302.26 USD is safe to pay on 2024-09-05 while keeping the 1200 USD minimum balance. Full payment is not safe today; it is projected to become safe on 2024-10-16, so waiting is recommended."
request_68,1447.645,affordable_with_plan,installments,2025-02-14:725.09|2025-03-14:725.09|2025-04-11:725.09,2025-03-15,none,"Requested 2091.6 USD; up to 1447.645 USD is safe to pay on 2025-02-07 while keeping the 1500 USD minimum balance. Full payment today is not safe, so the supplied installment option payment_option_187 is recommended: 3 payment(s) of 725.09 USD starting 2025-02-14."
request_69,529.1,affordable_now,full_payment,2026-01-04:529.1,2026-01-04,none,"Requested 529.1 EUR; up to 529.1 EUR is safe to pay on 2026-01-04 while keeping the 700 EUR minimum balance. The full amount is safe today, so full payment on 2026-01-04 is recommended."
request_70,50373.61,not_affordable,not_recommended,none,2025-02-16,none,"Requested 243900 INR; up to 50373.61 INR is safe to pay on 2024-12-06 while keeping the 115000 INR minimum balance. No payment method the user accepts can safely complete this request within the 90-day forecast, even with the maximum permitted spending changes, so no payment is recommended."
request_71,0,not_affordable,not_recommended,none,,none,"Requested 21451000 IDR; up to 0 IDR is safe to pay on 2025-05-03 while keeping the 8884800 IDR minimum balance. No payment method the user accepts can safely complete this request within the 90-day forecast, even with the maximum permitted spending changes, so no payment is recommended. This recommendation reflects 1 evidence update(s) from statements, messages, or images that changed the outcome."
request_72,11330,affordable_now,full_payment,2026-07-05:11330,2026-07-05,none,"Requested 11330 ZAR; up to 11330 ZAR is safe to pay on 2026-07-05 while keeping the 12200 ZAR minimum balance. The full amount is safe today, so full payment on 2026-07-05 is recommended. This recommendation reflects 1 evidence update(s) from statements, messages, or images that changed the outcome."
request_73,71400,affordable_now,full_payment,2023-01-20:71400,2023-01-20,none,"Requested 71400 INR; up to 71400 INR is safe to pay on 2023-01-20 while keeping the 103200 INR minimum balance. The full amount is safe today, so full payment on 2023-01-20 is recommended."
request_74,5010,affordable_now,full_payment,2025-08-04:5010,2025-08-04,none,"Requested 5010 ZAR; up to 5010 ZAR is safe to pay on 2025-08-04 while keeping the 21900 ZAR minimum balance. The full amount is safe today, so full payment on 2025-08-04 is recommended."
request_75,28270,affordable_with_plan,installments,2026-04-09:9800.27|2026-05-09:9800.27|2026-06-08:9800.27,2026-04-06,none,"Requested 28270 ZAR; up to 28270 ZAR is safe to pay on 2026-04-06 while keeping the 39000 ZAR minimum balance. Full payment today is not safe, so the supplied installment option payment_option_208 is recommended: 3 payment(s) of 9800.27 ZAR starting 2026-04-09."
request_76,231.280,not_affordable,not_recommended,none,2024-08-29,none,"Requested 4455.6 USD; up to 231.280 USD is safe to pay on 2024-06-03 while keeping the 1800 USD minimum balance. No payment method the user accepts can safely complete this request within the 90-day forecast, even with the maximum permitted spending changes, so no payment is recommended. This recommendation reflects 1 evidence update(s) from statements, messages, or images that changed the outcome."
request_77,60105.005,affordable_with_plan,full_payment,2025-11-05:60700,2025-11-15,stop:event_7143,Requested 60700 INR; up to 60105.005 INR is safe to pay on 2025-11-05 while keeping the 82200 INR minimum balance. Full payment on 2025-11-05 becomes safe once this spending change is applied: stop:event_7143.
request_78,50200,affordable_now,full_payment,2025-10-02:50200,2025-10-02,none,"Requested 50200 INR; up to 50200 INR is safe to pay on 2025-10-02 while keeping the 55200 INR minimum balance. The full amount is safe today, so full payment on 2025-10-02 is recommended."
request_79,429.835,not_affordable,not_recommended,none,2024-11-16,none,"Requested 2151.6 EUR; up to 429.835 EUR is safe to pay on 2024-09-04 while keeping the 1000 EUR minimum balance. No payment method the user accepts can safely complete this request within the 90-day forecast, even with the maximum permitted spending changes, so no payment is recommended."
request_80,95084.57,not_affordable,not_recommended,none,,none,"Requested 217500 INR; up to 95084.57 INR is safe to pay on 2025-02-06 while keeping the 121300 INR minimum balance. No payment method the user accepts can safely complete this request within the 90-day forecast, even with the maximum permitted spending changes, so no payment is recommended. This recommendation reflects 1 evidence update(s) from statements, messages, or images that changed the outcome."
request_81,2076,affordable_now,full_payment,2026-07-03:2076,2026-07-03,none,"Requested 2076 USD; up to 2076 USD is safe to pay on 2026-07-03 while keeping the 1600 USD minimum balance. The full amount is safe today, so full payment on 2026-07-03 is recommended."
request_82,391.55,not_affordable,not_recommended,none,2025-02-16,none,"Requested 1405.2 USD; up to 391.55 USD is safe to pay on 2024-12-05 while keeping the 1100 USD minimum balance. No payment method the user accepts can safely complete this request within the 90-day forecast, even with the maximum permitted spending changes, so no payment is recommended."
request_83,14742.36,not_affordable,not_recommended,none,,none,"Requested 156200 INR; up to 14742.36 INR is safe to pay on 2025-05-07 while keeping the 37800 INR minimum balance. No payment method the user accepts can safely complete this request within the 90-day forecast, even with the maximum permitted spending changes, so no payment is recommended. This recommendation reflects 1 evidence update(s) from statements, messages, or images that changed the outcome."
request_84,34735.23,affordable_later,wait,2026-05-14:95400,2026-05-14,none,"Requested 95400 INR; up to 34735.23 INR is safe to pay on 2026-04-04 while keeping the 91300 INR minimum balance. Full payment is not safe today; it is projected to become safe on 2026-05-14, so waiting is recommended."
request_85,367767.97,not_affordable,not_recommended,none,,none,"Requested 19304000 IDR; up to 367767.97 IDR is safe to pay on 2024-03-06 while keeping the 6396300 IDR minimum balance. No payment method the user accepts can safely complete this request within the 90-day forecast, even with the maximum permitted spending changes, so no payment is recommended."
request_86,46300,affordable_now,full_payment,2025-08-03:46300,2025-08-03,none,"Requested 46300 INR; up to 46300 INR is safe to pay on 2025-08-03 while keeping the 84900 INR minimum balance. The full amount is safe today, so full payment on 2025-08-03 is recommended."
request_87,38732.66,not_affordable,not_recommended,none,,none,"Requested 487900 INR; up to 38732.66 INR is safe to pay on 2026-01-05 while keeping the 185900 INR minimum balance. No payment method the user accepts can safely complete this request within the 90-day forecast, even with the maximum permitted spending changes, so no payment is recommended. This recommendation reflects 1 evidence update(s) from statements, messages, or images that changed the outcome."
request_88,10734.00,affordable_with_plan,installments,2024-06-14:9045.23|2024-07-15:9045.23|2024-08-15:9045.23,2024-06-14,none,"Requested 26092 ZAR; up to 10734.00 ZAR is safe to pay on 2024-06-07 while keeping the 25800 ZAR minimum balance. Full payment today is not safe, so the supplied installment option payment_option_245 is recommended: 3 payment(s) of 9045.23 ZAR starting 2024-06-14."
request_89,9324615.660,not_affordable,not_recommended,none,2026-01-16,none,"Requested 13756000 IDR; up to 9324615.660 IDR is safe to pay on 2025-11-04 while keeping the 12534700 IDR minimum balance. No payment method the user accepts can safely complete this request within the 90-day forecast, even with the maximum permitted spending changes, so no payment is recommended."
request_90,2560,affordable_now,full_payment,2026-07-06:2560,2026-07-06,none,"Requested 2560 ZAR; up to 2560 ZAR is safe to pay on 2026-07-06 while keeping the 7600 ZAR minimum balance. The full amount is safe today, so full payment on 2026-07-06 is recommended."
request_91,457.61,not_affordable,not_recommended,none,2024-11-16,none,"Requested 1927.2 EUR; up to 457.61 EUR is safe to pay on 2024-09-03 while keeping the 2100 EUR minimum balance. No payment method the user accepts can safely complete this request within the 90-day forecast, even with the maximum permitted spending changes, so no payment is recommended."
request_92,34034,affordable_now,full_payment,2025-02-05:34034,2025-02-05,none,"Requested 34034 ZAR; up to 34034 ZAR is safe to pay on 2025-02-05 while keeping the 28100 ZAR minimum balance. The full amount is safe today, so full payment on 2025-02-05 is recommended. This recommendation reflects 1 evidence update(s) from statements, messages, or images that changed the outcome."
request_93,1729.2,affordable_now,full_payment,2026-04-07:1729.2,2026-04-07,none,"Requested 1729.2 USD; up to 1729.2 USD is safe to pay on 2026-04-07 while keeping the 1900 USD minimum balance. The full amount is safe today, so full payment on 2026-04-07 is recommended."
request_94,572,affordable_now,full_payment,2024-12-04:572,2024-12-04,none,"Requested 572 EUR; up to 572 EUR is safe to pay on 2024-12-04 while keeping the 600 EUR minimum balance. The full amount is safe today, so full payment on 2024-12-04 is recommended."
request_95,51861.97,not_affordable,not_recommended,none,,none,"Requested 553000 INR; up to 51861.97 INR is safe to pay on 2025-05-06 while keeping the 145500 INR minimum balance. No payment method the user accepts can safely complete this request within the 90-day forecast, even with the maximum permitted spending changes, so no payment is recommended."
request_96,72506.46,not_affordable,not_recommended,none,2026-02-15,none,"Requested 90200 INR; up to 72506.46 INR is safe to pay on 2026-01-03 while keeping the 56500 INR minimum balance. No payment method the user accepts can safely complete this request within the 90-day forecast, even with the maximum permitted spending changes, so no payment is recommended."
request_97,1454.36,affordable_with_plan,installments,2024-03-19:8145.28|2024-04-19:8145.28|2024-05-20:8145.28,2024-04-17,none,"Requested 23496 ZAR; up to 1454.36 ZAR is safe to pay on 2024-03-05 while keeping the 29700 ZAR minimum balance. Full payment today is not safe, so the supplied installment option payment_option_272 is recommended: 3 payment(s) of 8145.28 ZAR starting 2024-03-19."
request_98,0,not_affordable,not_recommended,none,,none,"Requested 27148 ZAR; up to 0 ZAR is safe to pay on 2025-08-07 while keeping the 30000 ZAR minimum balance. No payment method the user accepts can safely complete this request within the 90-day forecast, even with the maximum permitted spending changes, so no payment is recommended. This recommendation reflects 1 evidence update(s) from statements, messages, or images that changed the outcome."
request_99,18062,affordable_now,full_payment,2026-07-04:18062,2026-07-04,none,"Requested 18062 ZAR; up to 18062 ZAR is safe to pay on 2026-07-04 while keeping the 49100 ZAR minimum balance. The full amount is safe today, so full payment on 2026-07-04 is recommended."
request_100,26864.895,affordable_with_plan,installments,2024-06-13:12866.19|2024-07-14:12866.19|2024-08-14:12866.19,2024-07-14,none,"Requested 37114 ZAR; up to 26864.895 ZAR is safe to pay on 2024-06-06 while keeping the 32500 ZAR minimum balance. Full payment today is not safe, so the supplied installment option payment_option_281 is recommended: 3 payment(s) of 12866.19 ZAR starting 2024-06-13."
request_101,143500,affordable_now,full_payment,2025-11-03:143500,2025-11-03,none,"Requested 143500 INR; up to 143500 INR is safe to pay on 2025-11-03 while keeping the 187400 INR minimum balance. The full amount is safe today, so full payment on 2025-11-03 is recommended."
request_102,1716,affordable_with_plan,installments,2026-04-05:594.88|2026-05-05:594.88|2026-06-04:594.88,2026-04-05,none,"Requested 1716 EUR; up to 1716 EUR is safe to pay on 2026-04-05 while keeping the 900 EUR minimum balance. Full payment today is not safe, so the supplied installment option payment_option_287 is recommended: 3 payment(s) of 594.88 EUR starting 2026-04-05."
request_103,1861.95,not_affordable,not_recommended,none,,none,"Requested 368300 INR; up to 1861.95 INR is safe to pay on 2024-09-07 while keeping the 125500 INR minimum balance. No payment method the user accepts can safely complete this request within the 90-day forecast, even with the maximum permitted spending changes, so no payment is recommended."
request_104,17204,affordable_now,full_payment,2025-02-04:17204,2025-02-04,none,"Requested 17204 ZAR; up to 17204 ZAR is safe to pay on 2025-02-04 while keeping the 24700 ZAR minimum balance. The full amount is safe today, so full payment on 2025-02-04 is recommended. This recommendation reflects 1 evidence update(s) from statements, messages, or images that changed the outcome."
request_105,53500,affordable_now,full_payment,2026-06-08:53500,2026-06-08,none,"Requested 53500 INR; up to 53500 INR is safe to pay on 2026-06-08 while keeping the 73900 INR minimum balance. The full amount is safe today, so full payment on 2026-06-08 is recommended."
request_106,459.88,not_affordable,not_recommended,none,2025-02-16,none,"Requested 2207.7 EUR; up to 459.88 EUR is safe to pay on 2024-12-03 while keeping the 1200 EUR minimum balance. No payment method the user accepts can safely complete this request within the 90-day forecast, even with the maximum permitted spending changes, so no payment is recommended."
request_107,2414.43,not_affordable,not_recommended,none,2025-07-14,none,"Requested 2534.4 EUR; up to 2414.43 EUR is safe to pay on 2025-05-05 while keeping the 1600 EUR minimum balance. No payment method the user accepts can safely complete this request within the 90-day forecast, even with the maximum permitted spending changes, so no payment is recommended. This recommendation reflects 1 evidence update(s) from statements, messages, or images that changed the outcome."
request_108,1257.35,not_affordable,not_recommended,none,2026-09-26,none,"Requested 55308 ZAR; up to 1257.35 ZAR is safe to pay on 2026-07-07 while keeping the 24100 ZAR minimum balance. No payment method the user accepts can safely complete this request within the 90-day forecast, even with the maximum permitted spending changes, so no payment is recommended. This recommendation reflects 1 evidence update(s) from statements, messages, or images that changed the outcome."
request_109,755.66,affordable_with_plan,installments,2024-03-18:645.98|2024-04-18:645.98|2024-05-19:645.98,2024-04-17,none,"Requested 1863.4 EUR; up to 755.66 EUR is safe to pay on 2024-03-04 while keeping the 1700 EUR minimum balance. Full payment today is not safe, so the supplied installment option payment_option_307 is recommended: 3 payment(s) of 645.98 EUR starting 2024-03-18."
request_110,22352,affordable_with_plan,installments,2025-08-06:7748.69|2025-09-03:7748.69|2025-10-01:7748.69,2025-08-06,none,"Requested 22352 ZAR; up to 22352 ZAR is safe to pay on 2025-08-06 while keeping the 11200 ZAR minimum balance. Full payment today is not safe, so the supplied installment option payment_option_310 is recommended: 3 payment(s) of 7748.69 ZAR starting 2025-08-06."
request_111,16625000,affordable_now,full_payment,2026-04-03:16625000,2026-04-03,none,"Requested 16625000 IDR; up to 16625000 IDR is safe to pay on 2026-04-03 while keeping the 23022800 IDR minimum balance. The full amount is safe today, so full payment on 2026-04-03 is recommended."
request_112,271.7,affordable_now,full_payment,2024-06-05:271.7,2024-06-05,none,"Requested 271.7 EUR; up to 271.7 EUR is safe to pay on 2024-06-05 while keeping the 500 EUR minimum balance. The full amount is safe today, so full payment on 2024-06-05 is recommended. This recommendation reflects 1 evidence update(s) from statements, messages, or images that changed the outcome."
request_113,28119.97,affordable_later,wait,2026-09-15:36500,2026-09-15,none,"Requested 36500 INR; up to 28119.97 INR is safe to pay on 2026-09-04 while keeping the 82300 INR minimum balance. Full payment is not safe today; it is projected to become safe on 2026-09-15, so waiting is recommended."
request_114,65300,affordable_now,full_payment,2026-01-04:65300,2026-01-04,none,"Requested 65300 INR; up to 65300 INR is safe to pay on 2026-01-04 while keeping the 113400 INR minimum balance. The full amount is safe today, so full payment on 2026-01-04 is recommended."
request_115,14848.08,not_affordable,not_recommended,none,2024-11-16,none,"Requested 80500 INR; up to 14848.08 INR is safe to pay on 2024-09-06 while keeping the 38800 INR minimum balance. No payment method the user accepts can safely complete this request within the 90-day forecast, even with the maximum permitted spending changes, so no payment is recommended."
request_116,9538.595,not_affordable,not_recommended,none,,none,"Requested 241200 INR; up to 9538.595 INR is safe to pay on 2025-02-03 while keeping the 80300 INR minimum balance. No payment method the user accepts can safely complete this request within the 90-day forecast, even with the maximum permitted spending changes, so no payment is recommended."
request_117,880,affordable_now,full_payment,2026-07-05:880,2026-07-05,none,"Requested 880 EUR; up to 880 EUR is safe to pay on 2026-07-05 while keeping the 1000 EUR minimum balance. The full amount is safe today, so full payment on 2026-07-05 is recommended."
request_118,627.54,not_affordable,not_recommended,none,2025-02-16,none,"Requested 738.1 EUR; up to 627.54 EUR is safe to pay on 2024-12-07 while keeping the 600 EUR minimum balance. No payment method the user accepts can safely complete this request within the 90-day forecast, even with the maximum permitted spending changes, so no payment is recommended."
request_119,66821.51,affordable_with_plan,installments,2025-05-18:70546.67|2025-06-15:70546.67|2025-07-13:70546.67,2025-06-14,none,"Requested 203500 INR; up to 66821.51 INR is safe to pay on 2025-05-04 while keeping the 151200 INR minimum balance. Full payment today is not safe, so the supplied installment option payment_option_337 is recommended: 3 payment(s) of 70546.67 INR starting 2025-05-18. This recommendation reflects 1 evidence update(s) from statements, messages, or images that changed the outcome."
request_120,7714000,affordable_now,full_payment,2026-04-06:7714000,2026-04-06,none,"Requested 7714000 IDR; up to 7714000 IDR is safe to pay on 2026-04-06 while keeping the 20050300 IDR minimum balance. The full amount is safe today, so full payment on 2026-04-06 is recommended."
request_121,633.6,affordable_now,full_payment,2024-03-03:633.6,2024-03-03,none,"Requested 633.6 USD; up to 633.6 USD is safe to pay on 2024-03-03 while keeping the 800 USD minimum balance. The full amount is safe today, so full payment on 2024-03-03 is recommended."
request_122,20558000,affordable_with_plan,installments,2025-08-05:7126773.33|2025-09-02:7126773.33|2025-09-30:7126773.33,2025-08-05,none,"Requested 20558000 IDR; up to 20558000 IDR is safe to pay on 2025-08-05 while keeping the 12588500 IDR minimum balance. Full payment today is not safe, so the supplied installment option payment_option_347 is recommended: 3 payment(s) of 7126773.33 IDR starting 2025-08-05."
request_123,4076000,affordable_now,full_payment,2026-01-07:4076000,2026-01-07,none,"Requested 4076000 IDR; up to 4076000 IDR is safe to pay on 2026-01-07 while keeping the 18091200 IDR minimum balance. The full amount is safe today, so full payment on 2026-01-07 is recommended."
request_124,1402.01,affordable_with_plan,installments,2024-06-11:1076.12|2024-07-12:1076.12|2024-08-12:1076.12,2024-07-14,none,"Requested 3104.2 EUR; up to 1402.01 EUR is safe to pay on 2024-06-04 while keeping the 1600 EUR minimum balance. Full payment today is not safe, so the supplied installment option payment_option_352 is recommended: 3 payment(s) of 1076.12 EUR starting 2024-06-11."
request_125,0,not_affordable,not_recommended,none,,none,"Requested 6468 ZAR; up to 0 ZAR is safe to pay on 2025-11-06 while keeping the 11300 ZAR minimum balance. No payment method the user accepts can safely complete this request within the 90-day forecast, even with the maximum permitted spending changes, so no payment is recommended. This recommendation reflects 1 evidence update(s) from statements, messages, or images that changed the outcome."
request_126,159600,affordable_now,full_payment,2026-07-03:159600,2026-07-03,none,"Requested 159600 INR; up to 159600 INR is safe to pay on 2026-07-03 while keeping the 129700 INR minimum balance. The full amount is safe today, so full payment on 2026-07-03 is recommended."
request_127,7377.02,affordable_later,wait,2024-10-15:23980,2024-10-15,none,"Requested 23980 ZAR; up to 7377.02 ZAR is safe to pay on 2024-09-05 while keeping the 41000 ZAR minimum balance. Full payment is not safe today; it is projected to become safe on 2024-10-15, so waiting is recommended. This recommendation reflects 1 evidence update(s) from statements, messages, or images that changed the outcome."
request_128,25168,affordable_now,full_payment,2025-02-07:25168,2025-02-07,none,"Requested 25168 ZAR; up to 25168 ZAR is safe to pay on 2025-02-07 while keeping the 42600 ZAR minimum balance. The full amount is safe today, so full payment on 2025-02-07 is recommended."
request_129,159.01,not_affordable,not_recommended,none,,none,"Requested 2668.8 USD; up to 159.01 USD is safe to pay on 2026-04-04 while keeping the 800 USD minimum balance. No payment method the user accepts can safely complete this request within the 90-day forecast, even with the maximum permitted spending changes, so no payment is recommended."
request_130,364.725,not_affordable,not_recommended,none,2025-02-16,none,"Requested 1978.8 USD; up to 364.725 USD is safe to pay on 2024-12-06 while keeping the 1400 USD minimum balance. No payment method the user accepts can safely complete this request within the 90-day forecast, even with the maximum permitted spending changes, so no payment is recommended. This recommendation reflects 1 evidence update(s) from statements, messages, or images that changed the outcome."
request_131,1419.59,affordable_with_plan,installments,2025-05-06:643.14|2025-06-03:643.14|2025-07-01:643.14,2025-06-13,none,"Requested 1855.2 USD; up to 1419.59 USD is safe to pay on 2025-05-03 while keeping the 1100 USD minimum balance. Full payment today is not safe, so the supplied installment option payment_option_372 is recommended: 3 payment(s) of 643.14 USD starting 2025-05-06."
request_132,363.73,affordable_with_plan,full_payment,2026-01-05:379.86,2026-01-15,reduce_to:event_12142:26,Requested 379.86 USD; up to 363.73 USD is safe to pay on 2026-01-05 while keeping the 1100 USD minimum balance. Full payment on 2026-01-05 becomes safe once this spending change is applied: reduce_to:event_12142:26.
request_133,15770000,not_affordable,not_recommended,none,2024-03-07,none,"Requested 15770000 IDR; up to 15770000 IDR is safe to pay on 2024-03-07 while keeping the 9986200 IDR minimum balance. No payment method the user accepts can safely complete this request within the 90-day forecast, even with the maximum permitted spending changes, so no payment is recommended."
request_134,4451971.385,not_affordable,not_recommended,none,2025-10-16,none,"Requested 21831000 IDR; up to 4451971.385 IDR is safe to pay on 2025-08-04 while keeping the 15902500 IDR minimum balance. No payment method the user accepts can safely complete this request within the 90-day forecast, even with the maximum permitted spending changes, so no payment is recommended."
request_135,304.8,affordable_now,full_payment,2026-07-06:304.8,2026-07-06,none,"Requested 304.8 USD; up to 304.8 USD is safe to pay on 2026-07-06 while keeping the 500 USD minimum balance. The full amount is safe today, so full payment on 2026-07-06 is recommended."
request_136,529.36,affordable_with_plan,full_payment,2024-06-03:560.4,2024-06-15,reduce_to:event_12498:27.2,Requested 560.4 USD; up to 529.36 USD is safe to pay on 2024-06-03 while keeping the 1100 USD minimum balance. Full payment on 2024-06-03 becomes safe once this spending change is applied: reduce_to:event_12498:27.2.
request_137,26148.150,not_affordable,not_recommended,none,2026-01-16,none,"Requested 80100 INR; up to 26148.150 INR is safe to pay on 2025-11-05 while keeping the 71800 INR minimum balance. No payment method the user accepts can safely complete this request within the 90-day forecast, even with the maximum permitted spending changes, so no payment is recommended."
request_138,1117.90,affordable_with_plan,partial_payment,2026-04-07:1117.90|2026-04-14:139.04,2026-04-14,none,"Requested 1256.94 EUR; up to 1117.90 EUR is safe to pay on 2026-04-07 while keeping the 2300 EUR minimum balance. Full payment today is not safe, so a partial-payment plan is recommended: 1117.90 EUR on 2026-04-07, then 139.04 EUR on 2026-04-14."
request_139,1330.41,not_affordable,not_recommended,none,2024-11-16,none,"Requested 2316 USD; up to 1330.41 USD is safe to pay on 2024-09-04 while keeping the 1500 USD minimum balance. No payment method the user accepts can safely complete this request within the 90-day forecast, even with the maximum permitted spending changes, so no payment is recommended."
request_140,1425.815,not_affordable,not_recommended,none,,none,"Requested 62832 ZAR; up to 1425.815 ZAR is safe to pay on 2025-02-06 while keeping the 21600 ZAR minimum balance. No payment method the user accepts can safely complete this request within the 90-day forecast, even with the maximum permitted spending changes, so no payment is recommended. This recommendation reflects 1 evidence update(s) from statements, messages, or images that changed the outcome."
request_141,26291.17,not_affordable,not_recommended,none,2026-03-18,none,"Requested 171600 INR; up to 26291.17 INR is safe to pay on 2026-01-03 while keeping the 67300 INR minimum balance. No payment method the user accepts can safely complete this request within the 90-day forecast, even with the maximum permitted spending changes, so no payment is recommended."
request_142,1263.6,affordable_now,full_payment,2024-12-05:1263.6,2024-12-05,none,"Requested 1263.6 USD; up to 1263.6 USD is safe to pay on 2024-12-05 while keeping the 1700 USD minimum balance. The full amount is safe today, so full payment on 2024-12-05 is recommended."
request_143,2465.23,affordable_later,wait,2025-07-14:12584,2025-07-14,none,"Requested 12584 ZAR; up to 2465.23 ZAR is safe to pay on 2025-05-07 while keeping the 11300 ZAR minimum balance. Full payment is not safe today; it is projected to become safe on 2025-07-14, so waiting is recommended."
request_144,233.34,affordable_now,full_payment,2026-07-04:233.34,2026-07-04,none,"Requested 233.34 USD; up to 233.34 USD is safe to pay on 2026-07-04 while keeping the 600 USD minimum balance. The full amount is safe today, so full payment on 2026-07-04 is recommended. This recommendation reflects 1 evidence update(s) from statements, messages, or images that changed the outcome."
request_145,28335.575,not_affordable,not_recommended,none,2024-05-18,none,"Requested 217400 INR; up to 28335.575 INR is safe to pay on 2024-03-06 while keeping the 155400 INR minimum balance. No payment method the user accepts can safely complete this request within the 90-day forecast, even with the maximum permitted spending changes, so no payment is recommended."
request_146,23197.17,not_affordable,not_recommended,none,,none,"Requested 449400 INR; up to 23197.17 INR is safe to pay on 2025-08-03 while keeping the 108600 INR minimum balance. No payment method the user accepts can safely complete this request within the 90-day forecast, even with the maximum permitted spending changes, so no payment is recommended."
request_147,548.58,affordable_with_plan,installments,2026-04-08:391.63|2026-05-08:391.63|2026-06-07:391.63,2026-04-15,none,"Requested 1129.7 EUR; up to 548.58 EUR is safe to pay on 2026-04-05 while keeping the 900 EUR minimum balance. Full payment today is not safe, so the supplied installment option payment_option_418 is recommended: 3 payment(s) of 391.63 EUR starting 2026-04-08. This recommendation reflects 1 evidence update(s) from statements, messages, or images that changed the outcome."
request_148,7120.375,affordable_with_plan,installments,2024-06-14:7710.56|2024-07-15:7710.56|2024-08-15:7710.56,2024-07-14,none,"Requested 22242 ZAR; up to 7120.375 ZAR is safe to pay on 2024-06-07 while keeping the 20000 ZAR minimum balance. Full payment today is not safe, so the supplied installment option payment_option_421 is recommended: 3 payment(s) of 7710.56 ZAR starting 2024-06-14."
request_149,22537.145,affordable_with_plan,installments,2025-11-18:12706.03|2025-12-16:12706.03|2026-01-13:12706.03,2025-12-16,none,"Requested 36652 ZAR; up to 22537.145 ZAR is safe to pay on 2025-11-04 while keeping the 42100 ZAR minimum balance. Full payment today is not safe, so the supplied installment option payment_option_424 is recommended: 3 payment(s) of 12706.03 ZAR starting 2025-11-18."
request_150,334.33,affordable_with_plan,installments,2026-01-06:171.98|2026-02-05:171.98|2026-03-07:171.98,2026-01-15,none,"Requested 496.1 EUR; up to 334.33 EUR is safe to pay on 2026-01-06 while keeping the 700 EUR minimum balance. Full payment today is not safe, so the supplied installment option payment_option_427 is recommended: 3 payment(s) of 171.98 EUR starting 2026-01-06."
request_151,26999000,affordable_now,full_payment,2024-09-03:26999000,2024-09-03,none,"Requested 26999000 IDR; up to 26999000 IDR is safe to pay on 2024-09-03 while keeping the 31633600 IDR minimum balance. The full amount is safe today, so full payment on 2024-09-03 is recommended."
request_152,11114.635,not_affordable,not_recommended,none,2025-04-18,none,"Requested 13882 ZAR; up to 11114.635 ZAR is safe to pay on 2025-02-05 while keeping the 11900 ZAR minimum balance. No payment method the user accepts can safely complete this request within the 90-day forecast, even with the maximum permitted spending changes, so no payment is recommended."
request_153,124.78,not_affordable,not_recommended,none,,none,"Requested 2830.8 USD; up to 124.78 USD is safe to pay on 2026-07-07 while keeping the 1400 USD minimum balance. No payment method the user accepts can safely complete this request within the 90-day forecast, even with the maximum permitted spending changes, so no payment is recommended."
request_154,1625.8,affordable_with_plan,installments,2024-12-04:563.61|2025-01-04:563.61|2025-02-04:563.61,2024-12-04,none,"Requested 1625.8 EUR; up to 1625.8 EUR is safe to pay on 2024-12-04 while keeping the 1300 EUR minimum balance. Full payment today is not safe, so the supplied installment option payment_option_438 is recommended: 3 payment(s) of 563.61 EUR starting 2024-12-04. This recommendation reflects 1 evidence update(s) from statements, messages, or images that changed the outcome."
request_155,112500,affordable_now,full_payment,2025-05-06:112500,2025-05-06,none,"Requested 112500 INR; up to 112500 INR is safe to pay on 2025-05-06 while keeping the 56300 INR minimum balance. The full amount is safe today, so full payment on 2025-05-06 is recommended. This recommendation reflects 1 evidence update(s) from statements, messages, or images that changed the outcome."
request_156,10787.88,affordable_later,wait,2026-05-14:43076,2026-05-14,none,"Requested 43076 ZAR; up to 10787.88 ZAR is safe to pay on 2026-04-03 while keeping the 26900 ZAR minimum balance. Full payment is not safe today; it is projected to become safe on 2026-05-14, so waiting is recommended."
request_157,4753445.220,not_affordable,not_recommended,none,2024-05-18,none,"Requested 23503000 IDR; up to 4753445.220 IDR is safe to pay on 2024-03-05 while keeping the 15714100 IDR minimum balance. No payment method the user accepts can safely complete this request within the 90-day forecast, even with the maximum permitted spending changes, so no payment is recommended. This recommendation reflects 1 evidence update(s) from statements, messages, or images that changed the outcome."
request_158,242600,affordable_with_plan,installments,2025-08-07:84101.33|2025-09-04:84101.33|2025-10-02:84101.33,2025-08-07,none,"Requested 242600 INR; up to 242600 INR is safe to pay on 2025-08-07 while keeping the 131400 INR minimum balance. Full payment today is not safe, so the supplied installment option payment_option_449 is recommended: 3 payment(s) of 84101.33 INR starting 2025-08-07."
request_159,13398,affordable_now,full_payment,2026-01-04:13398,2026-01-04,none,"Requested 13398 ZAR; up to 13398 ZAR is safe to pay on 2026-01-04 while keeping the 8700 ZAR minimum balance. The full amount is safe today, so full payment on 2026-01-04 is recommended."
request_160,570.29,affordable_with_plan,installments,2024-06-13:432.05|2024-07-14:432.05|2024-08-14:432.05,2024-07-14,none,"Requested 1246.3 EUR; up to 570.29 EUR is safe to pay on 2024-06-06 while keeping the 1200 EUR minimum balance. Full payment today is not safe, so the supplied installment option payment_option_454 is recommended: 3 payment(s) of 432.05 EUR starting 2024-06-13."
request_161,7293476.555,affordable_later,wait,2026-01-14:21204000,2026-01-14,none,"Requested 21204000 IDR; up to 7293476.555 IDR is safe to pay on 2025-11-03 while keeping the 23010400 IDR minimum balance. Full payment is not safe today; it is projected to become safe on 2026-01-14, so waiting is recommended. This recommendation reflects 1 evidence update(s) from statements, messages, or images that changed the outcome."
request_162,2428051.19,not_affordable,not_recommended,none,,none,"Requested 83923000 IDR; up to 2428051.19 IDR is safe to pay on 2026-07-05 while keeping the 24161100 IDR minimum balance. No payment method the user accepts can safely complete this request within the 90-day forecast, even with the maximum permitted spending changes, so no payment is recommended."
request_163,8739824.67,not_affordable,not_recommended,none,2024-11-16,none,"Requested 19304000 IDR; up to 8739824.67 IDR is safe to pay on 2024-09-07 while keeping the 26728700 IDR minimum balance. No payment method the user accepts can safely complete this request within the 90-day forecast, even with the maximum permitted spending changes, so no payment is recommended."
request_164,27018000,affordable_with_plan,installments,2025-02-11:9366240|2025-03-11:9366240|2025-04-08:9366240,2025-02-04,none,"Requested 27018000 IDR; up to 27018000 IDR is safe to pay on 2025-02-04 while keeping the 29550500 IDR minimum balance. Full payment today is not safe, so the supplied installment option payment_option_465 is recommended: 3 payment(s) of 9366240 IDR starting 2025-02-11. This recommendation reflects 1 evidence update(s) from statements, messages, or images that changed the outcome."
request_165,80600,affordable_now,full_payment,2026-04-06:80600,2026-04-06,none,"Requested 80600 INR; up to 80600 INR is safe to pay on 2026-04-06 while keeping the 95000 INR minimum balance. The full amount is safe today, so full payment on 2026-04-06 is recommended."
request_166,2907.6,affordable_with_plan,installments,2024-12-03:1007.97|2025-01-03:1007.97|2025-02-03:1007.97,2024-12-03,none,"Requested 2907.6 USD; up to 2907.6 USD is safe to pay on 2024-12-03 while keeping the 1700 USD minimum balance. Full payment today is not safe, so the supplied installment option payment_option_471 is recommended: 3 payment(s) of 1007.97 USD starting 2024-12-03."
request_167,43802,affordable_now,full_payment,2025-05-05:43802,2025-05-05,none,"Requested 43802 ZAR; up to 43802 ZAR is safe to pay on 2025-05-05 while keeping the 31200 ZAR minimum balance. The full amount is safe today, so full payment on 2025-05-05 is recommended."
request_168,39306.405,affordable_with_plan,partial_payment,2026-01-07:39306.405|2026-01-15:10073.595,2026-01-15,none,"Requested 49380 INR; up to 39306.405 INR is safe to pay on 2026-01-07 while keeping the 114400 INR minimum balance. Full payment today is not safe, so a partial-payment plan is recommended: 39306.405 INR on 2026-01-07, then 10073.595 INR on 2026-01-15."
request_169,41976,affordable_now,full_payment,2024-03-04:41976,2024-03-04,none,"Requested 41976 ZAR; up to 41976 ZAR is safe to pay on 2024-03-04 while keeping the 18700 ZAR minimum balance. The full amount is safe today, so full payment on 2024-03-04 is recommended."
request_170,30061352.59,affordable_with_plan,installments,2025-08-06:12804480|2025-09-03:12804480|2025-10-01:12804480,2025-09-15,none,"Requested 36936000 IDR; up to 30061352.59 IDR is safe to pay on 2025-08-06 while keeping the 24715800 IDR minimum balance. Full payment today is not safe, so the supplied installment option payment_option_483 is recommended: 3 payment(s) of 12804480 IDR starting 2025-08-06."
request_171,67.14,not_affordable,not_recommended,none,,none,"Requested 1878.8 EUR; up to 67.14 EUR is safe to pay on 2026-07-03 while keeping the 500 EUR minimum balance. No payment method the user accepts can safely complete this request within the 90-day forecast, even with the maximum permitted spending changes, so no payment is recommended."
request_172,10200,affordable_with_plan,installments,2024-06-05:5304|2024-07-03:5304,2024-06-05,none,"Requested 10200 ZAR; up to 10200 ZAR is safe to pay on 2024-06-05 while keeping the 27200 ZAR minimum balance. Full payment today is not safe, so the supplied installment option payment_option_489 is recommended: 2 payment(s) of 5304 ZAR starting 2024-06-05."
request_173,0,not_affordable,not_recommended,none,,none,"Requested 113000 INR; up to 0 INR is safe to pay on 2025-11-07 while keeping the 79100 INR minimum balance. No payment method the user accepts can safely complete this request within the 90-day forecast, even with the maximum permitted spending changes, so no payment is recommended. This recommendation reflects 1 evidence update(s) from statements, messages, or images that changed the outcome."
request_174,1146.2,affordable_with_plan,installments,2026-04-04:397.35|2026-05-04:397.35|2026-06-03:397.35,2026-04-04,none,"Requested 1146.2 EUR; up to 1146.2 EUR is safe to pay on 2026-04-04 while keeping the 700 EUR minimum balance. Full payment today is not safe, so the supplied installment option payment_option_494 is recommended: 3 payment(s) of 397.35 EUR starting 2026-04-04."
request_175,2346.3,affordable_now,full_payment,2024-09-06:2346.3,2024-09-06,none,"Requested 2346.3 EUR; up to 2346.3 EUR is safe to pay on 2024-09-06 while keeping the 1700 EUR minimum balance. The full amount is safe today, so full payment on 2024-09-06 is recommended."
request_176,270.15,not_affordable,not_recommended,none,2025-05-01,none,"Requested 1239.7 EUR; up to 270.15 EUR is safe to pay on 2025-02-03 while keeping the 600 EUR minimum balance. No payment method the user accepts can safely complete this request within the 90-day forecast, even with the maximum permitted spending changes, so no payment is recommended. This recommendation reflects 1 evidence update(s) from statements, messages, or images that changed the outcome."
request_177,1017.6,affordable_now,full_payment,2026-01-05:1017.6,2026-01-05,none,"Requested 1017.6 USD; up to 1017.6 USD is safe to pay on 2026-01-05 while keeping the 1300 USD minimum balance. The full amount is safe today, so full payment on 2026-01-05 is recommended."
request_178,2938.1,affordable_with_plan,installments,2024-12-07:1018.54|2025-01-07:1018.54|2025-02-07:1018.54,2024-12-07,none,"Requested 2938.1 EUR; up to 2938.1 EUR is safe to pay on 2024-12-07 while keeping the 1400 EUR minimum balance. Full payment today is not safe, so the supplied installment option payment_option_506 is recommended: 3 payment(s) of 1018.54 EUR starting 2024-12-07."
request_179,6506134.09,affordable_later,wait,2025-07-14:41648000,2025-07-14,none,"Requested 41648000 IDR; up to 6506134.09 IDR is safe to pay on 2025-05-04 while keeping the 41430800 IDR minimum balance. Full payment is not safe today; it is projected to become safe on 2025-07-14, so waiting is recommended."
request_180,66500,affordable_now,full_payment,2026-07-06:66500,2026-07-06,none,"Requested 66500 INR; up to 66500 INR is safe to pay on 2026-07-06 while keeping the 37300 INR minimum balance. The full amount is safe today, so full payment on 2026-07-06 is recommended. This recommendation reflects 1 evidence update(s) from statements, messages, or images that changed the outcome."
request_181,475.41,not_affordable,not_recommended,none,,none,"Requested 5059.2 USD; up to 475.41 USD is safe to pay on 2024-03-03 while keeping the 2000 USD minimum balance. No payment method the user accepts can safely complete this request within the 90-day forecast, even with the maximum permitted spending changes, so no payment is recommended."
request_182,65714,affordable_now,full_payment,2025-08-05:65714,2025-08-05,none,"Requested 65714 ZAR; up to 65714 ZAR is safe to pay on 2025-08-05 while keeping the 31100 ZAR minimum balance. The full amount is safe today, so full payment on 2025-08-05 is recommended."
request_183,25097453.135,affordable_with_plan,installments,2026-04-10:9313546.67|2026-05-10:9313546.67|2026-06-09:9313546.67,2026-04-14,none,"Requested 26866000 IDR; up to 25097453.135 IDR is safe to pay on 2026-04-07 while keeping the 11878300 IDR minimum balance. Full payment today is not safe, so the supplied installment option payment_option_521 is recommended: 3 payment(s) of 9313546.67 IDR starting 2026-04-10."
request_184,17569.20,not_affordable,not_recommended,none,,none,"Requested 251900 INR; up to 17569.20 INR is safe to pay on 2024-06-04 while keeping the 110800 INR minimum balance. No payment method the user accepts can safely complete this request within the 90-day forecast, even with the maximum permitted spending changes, so no payment is recommended."
request_185,310.350,not_affordable,not_recommended,none,2026-01-16,none,"Requested 1257.3 EUR; up to 310.350 EUR is safe to pay on 2025-11-06 while keeping the 1300 EUR minimum balance. No payment method the user accepts can safely complete this request within the 90-day forecast, even with the maximum permitted spending changes, so no payment is recommended."
request_186,7512.99,affordable_later,wait,2026-02-15:26554,2026-02-15,none,"Requested 26554 ZAR; up to 7512.99 ZAR is safe to pay on 2026-01-03 while keeping the 22000 ZAR minimum balance. Full payment is not safe today; it is projected to become safe on 2026-02-15, so waiting is recommended."
request_187,37750.93,not_affordable,not_recommended,none,2024-11-16,none,"Requested 187500 INR; up to 37750.93 INR is safe to pay on 2024-09-05 while keeping the 128300 INR minimum balance. No payment method the user accepts can safely complete this request within the 90-day forecast, even with the maximum permitted spending changes, so no payment is recommended."
request_188,107.665,not_affordable,not_recommended,none,,none,"Requested 2464 EUR; up to 107.665 EUR is safe to pay on 2025-02-07 while keeping the 900 EUR minimum balance. No payment method the user accepts can safely complete this request within the 90-day forecast, even with the maximum permitted spending changes, so no payment is recommended."
request_189,488.4,affordable_now,full_payment,2026-07-04:488.4,2026-07-04,none,"Requested 488.4 EUR; up to 488.4 EUR is safe to pay on 2026-07-04 while keeping the 400 EUR minimum balance. The full amount is safe today, so full payment on 2026-07-04 is recommended."
request_190,467.71,not_affordable,not_recommended,none,2025-02-16,none,"Requested 2557.5 EUR; up to 467.71 EUR is safe to pay on 2024-12-06 while keeping the 1600 EUR minimum balance. No payment method the user accepts can safely complete this request within the 90-day forecast, even with the maximum permitted spending changes, so no payment is recommended."
request_191,664.4,affordable_now,full_payment,2025-05-03:664.4,2025-05-03,none,"Requested 664.4 EUR; up to 664.4 EUR is safe to pay on 2025-05-03 while keeping the 500 EUR minimum balance. The full amount is safe today, so full payment on 2025-05-03 is recommended."
request_192,297.26,not_affordable,not_recommended,none,,none,"Requested 2046 USD; up to 297.26 USD is safe to pay on 2026-04-05 while keeping the 1000 USD minimum balance. No payment method the user accepts can safely complete this request within the 90-day forecast, even with the maximum permitted spending changes, so no payment is recommended."
request_193,31.02,affordable_with_plan,installments,2024-03-21:420.23|2024-04-21:420.23|2024-05-22:420.23,2024-05-18,none,"Requested 1212.2 EUR; up to 31.02 EUR is safe to pay on 2024-03-07 while keeping the 1000 EUR minimum balance. Full payment today is not safe, so the supplied installment option payment_option_549 is recommended: 3 payment(s) of 420.23 EUR starting 2024-03-21. This recommendation reflects 1 evidence update(s) from statements, messages, or images that changed the outcome."
request_194,39203.33,affordable_later,wait,2025-10-17:132800,2025-10-17,none,"Requested 132800 INR; up to 39203.33 INR is safe to pay on 2025-08-04 while keeping the 113600 INR minimum balance. Full payment is not safe today; it is projected to become safe on 2025-10-17, so waiting is recommended."
request_195,1064.35,affordable_with_plan,installments,2026-01-09:405.74|2026-02-08:405.74|2026-03-10:405.74,2026-01-15,none,"Requested 1170.4 EUR; up to 1064.35 EUR is safe to pay on 2026-01-06 while keeping the 700 EUR minimum balance. Full payment today is not safe, so the supplied installment option payment_option_555 is recommended: 3 payment(s) of 405.74 EUR starting 2026-01-09."
request_196,762.3,affordable_now,full_payment,2024-06-03:762.3,2024-06-03,none,"Requested 762.3 EUR; up to 762.3 EUR is safe to pay on 2024-06-03 while keeping the 500 EUR minimum balance. The full amount is safe today, so full payment on 2024-06-03 is recommended."
request_197,50939000,affordable_with_plan,installments,2025-11-19:17658853.33|2025-12-17:17658853.33|2026-01-14:17658853.33,2025-11-05,none,"Requested 50939000 IDR; up to 50939000 IDR is safe to pay on 2025-11-05 while keeping the 26245900 IDR minimum balance. Full payment today is not safe, so the supplied installment option payment_option_562 is recommended: 3 payment(s) of 17658853.33 IDR starting 2025-11-19. This recommendation reflects 1 evidence update(s) from statements, messages, or images that changed the outcome."
request_198,185800,affordable_now,full_payment,2026-07-07:185800,2026-07-07,none,"Requested 185800 INR; up to 185800 INR is safe to pay on 2026-07-07 while keeping the 124300 INR minimum balance. The full amount is safe today, so full payment on 2026-07-07 is recommended."
request_199,23674000,affordable_with_plan,installments,2024-09-07:8206986.67|2024-10-08:8206986.67|2024-11-08:8206986.67,2024-09-04,none,"Requested 23674000 IDR; up to 23674000 IDR is safe to pay on 2024-09-04 while keeping the 25359500 IDR minimum balance. Full payment today is not safe, so the supplied installment option payment_option_569 is recommended: 3 payment(s) of 8206986.67 IDR starting 2024-09-07."
request_200,21717000,affordable_now,full_payment,2025-02-06:21717000,2025-02-06,none,"Requested 21717000 IDR; up to 21717000 IDR is safe to pay on 2025-02-06 while keeping the 20114600 IDR minimum balance. The full amount is safe today, so full payment on 2025-02-06 is recommended."
request_201,23997000,affordable_now,full_payment,2026-04-03:23997000,2026-04-03,none,"Requested 23997000 IDR; up to 23997000 IDR is safe to pay on 2026-04-03 while keeping the 17304500 IDR minimum balance. The full amount is safe today, so full payment on 2026-04-03 is recommended."
request_202,123900,affordable_now,full_payment,2024-12-05:123900,2024-12-05,none,"Requested 123900 INR; up to 123900 INR is safe to pay on 2024-12-05 while keeping the 147800 INR minimum balance. The full amount is safe today, so full payment on 2024-12-05 is recommended."
request_203,1442.1,affordable_with_plan,installments,2025-05-10:499.93|2025-06-07:499.93|2025-07-05:499.93,2025-05-07,none,"Requested 1442.1 EUR; up to 1442.1 EUR is safe to pay on 2025-05-07 while keeping the 1400 EUR minimum balance. Full payment today is not safe, so the supplied installment option payment_option_583 is recommended: 3 payment(s) of 499.93 EUR starting 2025-05-10."
request_204,567.135,affordable_with_plan,full_payment,2026-01-04:588.74,2026-01-15,reduce_to:event_18827:33,"Requested 588.74 EUR; up to 567.135 EUR is safe to pay on 2026-01-04 while keeping the 1300 EUR minimum balance. Full payment on 2026-01-04 becomes safe once this spending change is applied: reduce_to:event_18827:33. This recommendation reflects 1 evidence update(s) from statements, messages, or images that changed the outcome."
request_205,10621000,affordable_now,full_payment,2024-03-06:10621000,2024-03-06,none,"Requested 10621000 IDR; up to 10621000 IDR is safe to pay on 2024-03-06 while keeping the 13994300 IDR minimum balance. The full amount is safe today, so full payment on 2024-03-06 is recommended."
request_206,1404.7,affordable_with_plan,installments,2025-08-03:486.96|2025-08-31:486.96|2025-09-28:486.96,2025-08-03,none,"Requested 1404.7 EUR; up to 1404.7 EUR is safe to pay on 2025-08-03 while keeping the 900 EUR minimum balance. Full payment today is not safe, so the supplied installment option payment_option_592 is recommended: 3 payment(s) of 486.96 EUR starting 2025-08-03."
request_207,5400.55,affordable_later,wait,2026-07-15:11830,2026-07-15,none,"Requested 11830 ZAR; up to 5400.55 ZAR is safe to pay on 2026-07-05 while keeping the 13600 ZAR minimum balance. Full payment is not safe today; it is projected to become safe on 2026-07-15, so waiting is recommended."
request_208,3015814.295,affordable_later,wait,2024-06-14:4413000,2024-06-14,none,"Requested 4413000 IDR; up to 3015814.295 IDR is safe to pay on 2024-06-07 while keeping the 10470700 IDR minimum balance. Full payment is not safe today; it is projected to become safe on 2024-06-14, so waiting is recommended."
request_209,2515.21,not_affordable,not_recommended,none,,none,"Requested 56914 ZAR; up to 2515.21 ZAR is safe to pay on 2025-11-04 while keeping the 18400 ZAR minimum balance. No payment method the user accepts can safely complete this request within the 90-day forecast, even with the maximum permitted spending changes, so no payment is recommended."
request_210,1115.14,affordable_with_plan,partial_payment,2026-04-06:1115.14|2026-04-14:244.88,2026-04-14,none,"Requested 1360.02 USD; up to 1115.14 USD is safe to pay on 2026-04-06 while keeping the 2000 USD minimum balance. Full payment today is not safe, so a partial-payment plan is recommended: 1115.14 USD on 2026-04-06, then 244.88 USD on 2026-04-14."
request_211,265.15,affordable_later,wait,2024-10-16:1788.6,2024-10-16,none,"Requested 1788.6 EUR; up to 265.15 EUR is safe to pay on 2024-09-03 while keeping the 1500 EUR minimum balance. Full payment is not safe today; it is projected to become safe on 2024-10-16, so waiting is recommended."
request_212,5599242.985,not_affordable,not_recommended,none,,none,"Requested 71934000 IDR; up to 5599242.985 IDR is safe to pay on 2025-02-05 while keeping the 29579800 IDR minimum balance. No payment method the user accepts can safely complete this request within the 90-day forecast, even with the maximum permitted spending changes, so no payment is recommended."
request_213,3362.4,affordable_with_plan,installments,2026-01-21:1165.63|2026-02-20:1165.63|2026-03-22:1165.63,2026-01-07,none,"Requested 3362.4 USD; up to 3362.4 USD is safe to pay on 2026-01-07 while keeping the 2100 USD minimum balance. Full payment today is not safe, so the supplied installment option payment_option_610 is recommended: 3 payment(s) of 1165.63 USD starting 2026-01-21."
request_214,65515.61,affordable_with_plan,partial_payment,2024-12-04:65515.61|2024-12-16:4234.39,2024-12-16,none,"Requested 69750 INR; up to 65515.61 INR is safe to pay on 2024-12-04 while keeping the 174900 INR minimum balance. Full payment today is not safe, so a partial-payment plan is recommended: 65515.61 INR on 2024-12-04, then 4234.39 INR on 2024-12-16."
request_215,29986,affordable_with_plan,installments,2025-05-09:10395.15|2025-06-06:10395.15|2025-07-04:10395.15,2025-05-06,none,"Requested 29986 ZAR; up to 29986 ZAR is safe to pay on 2025-05-06 while keeping the 15700 ZAR minimum balance. Full payment today is not safe, so the supplied installment option payment_option_616 is recommended: 3 payment(s) of 10395.15 ZAR starting 2025-05-09."
request_216,570.73,affordable_later,wait,2026-08-14:3332.4,2026-08-14,none,"Requested 3332.4 USD; up to 570.73 USD is safe to pay on 2026-07-03 while keeping the 1800 USD minimum balance. Full payment is not safe today; it is projected to become safe on 2026-08-14, so waiting is recommended. This recommendation reflects 1 evidence update(s) from statements, messages, or images that changed the outcome."
request_217,19532.655,affordable_with_plan,installments,2024-03-19:12889.07|2024-04-19:12889.07|2024-05-20:12889.07,2024-05-18,none,"Requested 37180 ZAR; up to 19532.655 ZAR is safe to pay on 2024-03-05 while keeping the 26800 ZAR minimum balance. Full payment today is not safe, so the supplied installment option payment_option_622 is recommended: 3 payment(s) of 12889.07 ZAR starting 2024-03-19."
request_218,26350974.21,affordable_with_plan,installments,2025-08-07:21195893.33|2025-09-04:21195893.33|2025-10-02:21195893.33,2025-09-15,none,"Requested 61142000 IDR; up to 26350974.21 IDR is safe to pay on 2025-08-07 while keeping the 34477200 IDR minimum balance. Full payment today is not safe, so the supplied installment option payment_option_625 is recommended: 3 payment(s) of 21195893.33 IDR starting 2025-08-07."
request_219,1449.74,affordable_with_plan,installments,2026-04-07:580.01|2026-05-07:580.01|2026-06-06:580.01,2026-04-15,none,"Requested 1673.1 EUR; up to 1449.74 EUR is safe to pay on 2026-04-04 while keeping the 1100 EUR minimum balance. Full payment today is not safe, so the supplied installment option payment_option_628 is recommended: 3 payment(s) of 580.01 EUR starting 2026-04-07. This recommendation reflects 1 evidence update(s) from statements, messages, or images that changed the outcome."
request_220,74.935,not_affordable,not_recommended,none,,none,"Requested 3118.5 EUR; up to 74.935 EUR is safe to pay on 2024-06-06 while keeping the 1100 EUR minimum balance. No payment method the user accepts can safely complete this request within the 90-day forecast, even with the maximum permitted spending changes, so no payment is recommended."
request_221,109800,affordable_now,full_payment,2025-11-03:109800,2025-11-03,none,"Requested 109800 INR; up to 109800 INR is safe to pay on 2025-11-03 while keeping the 81500 INR minimum balance. The full amount is safe today, so full payment on 2025-11-03 is recommended."
request_222,34078,affordable_now,full_payment,2026-01-05:34078,2026-01-05,none,"Requested 34078 ZAR; up to 34078 ZAR is safe to pay on 2026-01-05 while keeping the 27300 ZAR minimum balance. The full amount is safe today, so full payment on 2026-01-05 is recommended."
request_223,898.7,affordable_now,full_payment,2024-09-07:898.7,2024-09-07,none,"Requested 898.7 EUR; up to 898.7 EUR is safe to pay on 2024-09-07 while keeping the 800 EUR minimum balance. The full amount is safe today, so full payment on 2024-09-07 is recommended."
request_224,10327000,affordable_with_plan,installments,2025-02-04:5370040|2025-03-04:5370040,2025-02-04,none,"Requested 10327000 IDR; up to 10327000 IDR is safe to pay on 2025-02-04 while keeping the 22187600 IDR minimum balance. Full payment today is not safe, so the supplied installment option payment_option_645 is recommended: 2 payment(s) of 5370040 IDR starting 2025-02-04."
request_225,9636373.345,affordable_with_plan,installments,2026-07-20:7647120|2026-08-19:7647120|2026-09-18:7647120,2026-09-13,none,"Requested 22059000 IDR; up to 9636373.345 IDR is safe to pay on 2026-07-06 while keeping the 17670700 IDR minimum balance. Full payment today is not safe, so the supplied installment option payment_option_647 is recommended: 3 payment(s) of 7647120 IDR starting 2026-07-20."
request_226,157000,affordable_now,full_payment,2024-12-03:157000,2024-12-03,none,"Requested 157000 INR; up to 157000 INR is safe to pay on 2024-12-03 while keeping the 209400 INR minimum balance. The full amount is safe today, so full payment on 2024-12-03 is recommended."
request_227,7250.29,not_affordable,not_recommended,none,,none,"Requested 259700 INR; up to 7250.29 INR is safe to pay on 2025-05-05 while keeping the 62900 INR minimum balance. No payment method the user accepts can safely complete this request within the 90-day forecast, even with the maximum permitted spending changes, so no payment is recommended."
request_228,4643600.885,not_affordable,not_recommended,none,,none,"Requested 63327000 IDR; up to 4643600.885 IDR is safe to pay on 2026-04-07 while keeping the 26191200 IDR minimum balance. No payment method the user accepts can safely complete this request within the 90-day forecast, even with the maximum permitted spending changes, so no payment is recommended. This recommendation reflects 1 evidence update(s) from statements, messages, or images that changed the outcome."
request_229,467.34,affordable_with_plan,installments,2024-03-18:529.29|2024-04-18:529.29|2024-05-19:529.29,2024-05-18,none,"Requested 1526.8 EUR; up to 467.34 EUR is safe to pay on 2024-03-04 while keeping the 1000 EUR minimum balance. Full payment today is not safe, so the supplied installment option payment_option_659 is recommended: 3 payment(s) of 529.29 EUR starting 2024-03-18."
request_230,3537.6,affordable_now,full_payment,2025-08-06:3537.6,2025-08-06,none,"Requested 3537.6 EUR; up to 3537.6 EUR is safe to pay on 2025-08-06 while keeping the 2000 EUR minimum balance. The full amount is safe today, so full payment on 2025-08-06 is recommended. This recommendation reflects 1 evidence update(s) from statements, messages, or images that changed the outcome."
request_231,35706,affordable_with_plan,installments,2026-01-06:12378.08|2026-02-05:12378.08|2026-03-07:12378.08,2026-01-03,none,"Requested 35706 ZAR; up to 35706 ZAR is safe to pay on 2026-01-03 while keeping the 24300 ZAR minimum balance. Full payment today is not safe, so the supplied installment option payment_option_666 is recommended: 3 payment(s) of 12378.08 ZAR starting 2026-01-06."
request_232,786.770,not_affordable,not_recommended,none,,none,"Requested 1970.1 EUR; up to 786.770 EUR is safe to pay on 2024-06-05 while keeping the 2400 EUR minimum balance. No payment method the user accepts can safely complete this request within the 90-day forecast, even with the maximum permitted spending changes, so no payment is recommended. This recommendation reflects 1 evidence update(s) from statements, messages, or images that changed the outcome."
request_233,3753923.275,affordable_with_plan,partial_payment,2025-11-07:3753923.275|2025-11-15:2487076.725,2025-11-15,none,"Requested 6241000 IDR; up to 3753923.275 IDR is safe to pay on 2025-11-07 while keeping the 10365700 IDR minimum balance. Full payment today is not safe, so a partial-payment plan is recommended: 3753923.275 IDR on 2025-11-07, then 2487076.725 IDR on 2025-11-15. This recommendation reflects 1 evidence update(s) from statements, messages, or images that changed the outcome."
request_234,220.35,affordable_later,wait,2026-08-14:1213.3,2026-08-14,none,"Requested 1213.3 EUR; up to 220.35 EUR is safe to pay on 2026-07-04 while keeping the 700 EUR minimum balance. Full payment is not safe today; it is projected to become safe on 2026-08-14, so waiting is recommended."
request_235,967.2,affordable_now,full_payment,2024-09-06:967.2,2024-09-06,none,"Requested 967.2 USD; up to 967.2 USD is safe to pay on 2024-09-06 while keeping the 700 USD minimum balance. The full amount is safe today, so full payment on 2024-09-06 is recommended."
request_236,6757733.84,not_affordable,not_recommended,none,,none,"Requested 52383000 IDR; up to 6757733.84 IDR is safe to pay on 2025-02-03 while keeping the 16768600 IDR minimum balance. No payment method the user accepts can safely complete this request within the 90-day forecast, even with the maximum permitted spending changes, so no payment is recommended."
request_237,23826000,affordable_now,full_payment,2026-04-05:23826000,2026-04-05,none,"Requested 23826000 IDR; up to 23826000 IDR is safe to pay on 2026-04-05 while keeping the 22431500 IDR minimum balance. The full amount is safe today, so full payment on 2026-04-05 is recommended."
request_238,663.6,affordable_with_plan,installments,2024-12-07:230.05|2025-01-07:230.05|2025-02-07:230.05,2024-12-07,none,"Requested 663.6 USD; up to 663.6 USD is safe to pay on 2024-12-07 while keeping the 700 USD minimum balance. Full payment today is not safe, so the supplied installment option payment_option_686 is recommended: 3 payment(s) of 230.05 USD starting 2024-12-07. This recommendation reflects 1 evidence update(s) from statements, messages, or images that changed the outcome."
request_239,642,affordable_now,full_payment,2025-05-04:642,2025-05-04,none,"Requested 642 USD; up to 642 USD is safe to pay on 2025-05-04 while keeping the 600 USD minimum balance. The full amount is safe today, so full payment on 2025-05-04 is recommended."
request_240,13949.09,not_affordable,not_recommended,none,,none,"Requested 101200 INR; up to 13949.09 INR is safe to pay on 2026-01-06 while keeping the 52800 INR minimum balance. No payment method the user accepts can safely complete this request within the 90-day forecast, even with the maximum permitted spending changes, so no payment is recommended. This recommendation reflects 1 evidence update(s) from statements, messages, or images that changed the outcome."
request_241,21052000,affordable_with_plan,installments,2024-03-17:7298026.67|2024-04-17:7298026.67|2024-05-18:7298026.67,2024-03-03,none,"Requested 21052000 IDR; up to 21052000 IDR is safe to pay on 2024-03-03 while keeping the 19252000 IDR minimum balance. Full payment today is not safe, so the supplied installment option payment_option_695 is recommended: 3 payment(s) of 7298026.67 IDR starting 2024-03-17."
request_242,26.08,not_affordable,not_recommended,none,,none,"Requested 1966.8 EUR; up to 26.08 EUR is safe to pay on 2025-08-05 while keeping the 600 EUR minimum balance. No payment method the user accepts can safely complete this request within the 90-day forecast, even with the maximum permitted spending changes, so no payment is recommended. This recommendation reflects 1 evidence update(s) from statements, messages, or images that changed the outcome."
request_243,17468,affordable_now,full_payment,2026-07-07:17468,2026-07-07,none,"Requested 17468 ZAR; up to 17468 ZAR is safe to pay on 2026-07-07 while keeping the 19900 ZAR minimum balance. The full amount is safe today, so full payment on 2026-07-07 is recommended."
request_244,49918,affordable_now,full_payment,2024-06-04:49918,2024-06-04,none,"Requested 49918 ZAR; up to 49918 ZAR is safe to pay on 2024-06-04 while keeping the 45900 ZAR minimum balance. The full amount is safe today, so full payment on 2024-06-04 is recommended."
request_245,0,not_affordable,not_recommended,none,,none,"Requested 128500 INR; up to 0 INR is safe to pay on 2025-11-06 while keeping the 94600 INR minimum balance. No payment method the user accepts can safely complete this request within the 90-day forecast, even with the maximum permitted spending changes, so no payment is recommended. This recommendation reflects 1 evidence update(s) from statements, messages, or images that changed the outcome."
request_246,64086,affordable_with_plan,installments,2026-04-03:22216.48|2026-05-03:22216.48|2026-06-02:22216.48,2026-04-03,none,"Requested 64086 ZAR; up to 64086 ZAR is safe to pay on 2026-04-03 while keeping the 39300 ZAR minimum balance. Full payment today is not safe, so the supplied installment option payment_option_710 is recommended: 3 payment(s) of 22216.48 ZAR starting 2026-04-03."
request_247,1059.3,affordable_now,full_payment,2024-09-05:1059.3,2024-09-05,none,"Requested 1059.3 EUR; up to 1059.3 EUR is safe to pay on 2024-09-05 while keeping the 1300 EUR minimum balance. The full amount is safe today, so full payment on 2024-09-05 is recommended."
request_248,784.605,not_affordable,not_recommended,none,2025-05-03,none,"Requested 1965.6 USD; up to 784.605 USD is safe to pay on 2025-02-07 while keeping the 1300 USD minimum balance. No payment method the user accepts can safely complete this request within the 90-day forecast, even with the maximum permitted spending changes, so no payment is recommended. This recommendation reflects 1 evidence update(s) from statements, messages, or images that changed the outcome."
request_249,179.64,affordable_later,wait,2026-02-15:643.2,2026-02-15,none,"Requested 643.2 USD; up to 179.64 USD is safe to pay on 2026-01-04 while keeping the 600 USD minimum balance. Full payment is not safe today; it is projected to become safe on 2026-02-15, so waiting is recommended."
request_250,15480.52,not_affordable,not_recommended,none,,none,"Requested 124278 ZAR; up to 15480.52 ZAR is safe to pay on 2024-12-06 while keeping the 35300 ZAR minimum balance. No payment method the user accepts can safely complete this request within the 90-day forecast, even with the maximum permitted spending changes, so no payment is recommended."
request_251,1513.6,not_affordable,not_recommended,none,2025-05-03,none,"Requested 1513.6 EUR; up to 1513.6 EUR is safe to pay on 2025-05-03 while keeping the 1300 EUR minimum balance. No payment method the user accepts can safely complete this request within the 90-day forecast, even with the maximum permitted spending changes, so no payment is recommended."
request_252,4714997.40,affordable_later,wait,2026-08-14:28082000,2026-08-14,none,"Requested 28082000 IDR; up to 4714997.40 IDR is safe to pay on 2026-07-05 while keeping the 15152200 IDR minimum balance. Full payment is not safe today; it is projected to become safe on 2026-08-14, so waiting is recommended."
request_253,1371.570,affordable_with_plan,installments,2024-03-21:984.6|2024-04-21:984.6|2024-05-22:984.6,2024-05-18,none,"Requested 2840.2 EUR; up to 1371.570 EUR is safe to pay on 2024-03-07 while keeping the 2300 EUR minimum balance. Full payment today is not safe, so the supplied installment option payment_option_729 is recommended: 3 payment(s) of 984.6 EUR starting 2024-03-21."
request_254,655.30,affordable_later,wait,2025-09-16:3535.2,2025-09-16,none,"Requested 3535.2 USD; up to 655.30 USD is safe to pay on 2025-08-04 while keeping the 2500 USD minimum balance. Full payment is not safe today; it is projected to become safe on 2025-09-16, so waiting is recommended."
request_255,3345000,affordable_now,full_payment,2026-04-06:3345000,2026-04-06,none,"Requested 3345000 IDR; up to 3345000 IDR is safe to pay on 2026-04-06 while keeping the 9813900 IDR minimum balance. The full amount is safe today, so full payment on 2026-04-06 is recommended."
request_256,152538.570,affordable_with_plan,installments,2024-06-10:75816|2024-07-11:75816|2024-08-11:75816,2024-07-15,none,"Requested 218700 INR; up to 152538.570 INR is safe to pay on 2024-06-03 while keeping the 168600 INR minimum balance. Full payment today is not safe, so the supplied installment option payment_option_737 is recommended: 3 payment(s) of 75816 INR starting 2024-06-10. This recommendation reflects 1 evidence update(s) from statements, messages, or images that changed the outcome."
request_257,487.87,affordable_later,wait,2025-12-16:1352.4,2025-12-16,none,"Requested 1352.4 USD; up to 487.87 USD is safe to pay on 2025-11-05 while keeping the 1600 USD minimum balance. Full payment is not safe today; it is projected to become safe on 2025-12-16, so waiting is recommended."
request_258,1113.6,affordable_now,full_payment,2026-01-07:1113.6,2026-01-07,none,"Requested 1113.6 USD; up to 1113.6 USD is safe to pay on 2026-01-07 while keeping the 500 USD minimum balance. The full amount is safe today, so full payment on 2026-01-07 is recommended."
request_259,253.91,affordable_later,wait,2024-10-16:935,2024-10-16,none,"Requested 935 EUR; up to 253.91 EUR is safe to pay on 2024-09-04 while keeping the 600 EUR minimum balance. Full payment is not safe today; it is projected to become safe on 2024-10-16, so waiting is recommended."
request_260,9875661.615,not_affordable,not_recommended,none,,none,"Requested 52079000 IDR; up to 9875661.615 IDR is safe to pay on 2025-02-06 while keeping the 20727700 IDR minimum balance. No payment method the user accepts can safely complete this request within the 90-day forecast, even with the maximum permitted spending changes, so no payment is recommended."
request_261,1830.4,affordable_now,full_payment,2026-07-03:1830.4,2026-07-03,none,"Requested 1830.4 EUR; up to 1830.4 EUR is safe to pay on 2026-07-03 while keeping the 1500 EUR minimum balance. The full amount is safe today, so full payment on 2026-07-03 is recommended."
request_262,9236000,affordable_now,full_payment,2024-12-05:9236000,2024-12-05,none,"Requested 9236000 IDR; up to 9236000 IDR is safe to pay on 2024-12-05 while keeping the 31018500 IDR minimum balance. The full amount is safe today, so full payment on 2024-12-05 is recommended. This recommendation reflects 1 evidence update(s) from statements, messages, or images that changed the outcome."
request_263,0,not_affordable,not_recommended,none,,none,"Requested 51546 ZAR; up to 0 ZAR is safe to pay on 2025-05-07 while keeping the 24100 ZAR minimum balance. No payment method the user accepts can safely complete this request within the 90-day forecast, even with the maximum permitted spending changes, so no payment is recommended. This recommendation reflects 1 evidence update(s) from statements, messages, or images that changed the outcome."
request_264,27291.46,affordable_later,wait,2026-05-14:111300,2026-05-14,none,"Requested 111300 INR; up to 27291.46 INR is safe to pay on 2026-04-04 while keeping the 59500 INR minimum balance. Full payment is not safe today; it is projected to become safe on 2026-05-14, so waiting is recommended."
request_265,45970,affordable_now,full_payment,2024-03-06:45970,2024-03-06,none,"Requested 45970 INR; up to 45970 INR is safe to pay on 2024-03-06 while keeping the 189700 INR minimum balance. The full amount is safe today, so full payment on 2024-03-06 is recommended."
request_266,773.825,affordable_with_plan,installments,2025-08-03:324.13|2025-08-31:324.13|2025-09-28:324.13,2025-09-15,none,"Requested 935 EUR; up to 773.825 EUR is safe to pay on 2025-08-03 while keeping the 900 EUR minimum balance. Full payment today is not safe, so the supplied installment option payment_option_764 is recommended: 3 payment(s) of 324.13 EUR starting 2025-08-03."
request_267,1801.205,affordable_with_plan,installments,2026-01-08:667.33|2026-02-07:667.33|2026-03-09:667.33,2026-01-15,none,"Requested 1925 EUR; up to 1801.205 EUR is safe to pay on 2026-01-05 while keeping the 1500 EUR minimum balance. Full payment today is not safe, so the supplied installment option payment_option_767 is recommended: 3 payment(s) of 667.33 EUR starting 2026-01-08."
request_268,1046.91,affordable_with_plan,installments,2024-06-14:841.22|2024-07-15:841.22|2024-08-15:841.22,2024-07-14,none,"Requested 2426.6 EUR; up to 1046.91 EUR is safe to pay on 2024-06-07 while keeping the 1400 EUR minimum balance. Full payment today is not safe, so the supplied installment option payment_option_770 is recommended: 3 payment(s) of 841.22 EUR starting 2024-06-14."
request_269,10115.56,affordable_later,wait,2025-11-15:15490,2025-11-15,none,"Requested 15490 ZAR; up to 10115.56 ZAR is safe to pay on 2025-11-04 while keeping the 23100 ZAR minimum balance. Full payment is not safe today; it is projected to become safe on 2025-11-15, so waiting is recommended. This recommendation reflects 1 evidence update(s) from statements, messages, or images that changed the outcome."
request_270,165.23,not_affordable,not_recommended,none,,none,"Requested 3028.8 USD; up to 165.23 USD is safe to pay on 2026-07-06 while keeping the 1400 USD minimum balance. No payment method the user accepts can safely complete this request within the 90-day forecast, even with the maximum permitted spending changes, so no payment is recommended."
request_271,13612.75,not_affordable,not_recommended,none,2024-11-16,none,"Requested 91300 INR; up to 13612.75 INR is safe to pay on 2024-09-03 while keeping the 58200 INR minimum balance. No payment method the user accepts can safely complete this request within the 90-day forecast, even with the maximum permitted spending changes, so no payment is recommended."
request_272,5871034.75,affordable_with_plan,installments,2025-02-12:4709466.67|2025-03-12:4709466.67|2025-04-09:4709466.67,2025-02-16,none,"Requested 13585000 IDR; up to 5871034.75 IDR is safe to pay on 2025-02-05 while keeping the 7508600 IDR minimum balance. Full payment today is not safe, so the supplied installment option payment_option_780 is recommended: 3 payment(s) of 4709466.67 IDR starting 2025-02-12."
request_273,10764260.96,affordable_with_plan,partial_payment,2026-04-07:10764260.96|2026-04-14:5096739.04,2026-04-14,none,"Requested 15861000 IDR; up to 10764260.96 IDR is safe to pay on 2026-04-07 while keeping the 18774600 IDR minimum balance. Full payment today is not safe, so a partial-payment plan is recommended: 10764260.96 IDR on 2026-04-07, then 5096739.04 IDR on 2026-04-14."
request_274,2411.36,affordable_with_plan,installments,2024-12-04:940.75|2025-01-04:940.75|2025-02-04:940.75,2024-12-16,none,"Requested 2713.7 EUR; up to 2411.36 EUR is safe to pay on 2024-12-04 while keeping the 1800 EUR minimum balance. Full payment today is not safe, so the supplied installment option payment_option_785 is recommended: 3 payment(s) of 940.75 EUR starting 2024-12-04."
request_275,15884000,affordable_now,full_payment,2025-05-06:15884000,2025-05-06,none,"Requested 15884000 IDR; up to 15884000 IDR is safe to pay on 2025-05-06 while keeping the 12760100 IDR minimum balance. The full amount is safe today, so full payment on 2025-05-06 is recommended."
